<annotation>
    <filename>20240124-113139.jpg</filename>
    <folder>5IPP</folder>
    <source>
        <database>5IPP</database>
        <annotation>custom</annotation>
        <image>custom</image>
    </source>
    <size>
        <width>1280</width>
        <height>720</height>
        <depth>3</depth>
    </size>
    <segmented>0</segmented>
    <object>
        <name>basic</name>
        <pose>unspecified</pose>
        <truncated>0</truncated>
        <difficult>0</difficult>
        <bndbox>
            <xmin>159</xmin>
            <ymin>156</ymin>
            <xmax>473</xmax>
            <ymax>450</ymax>
        </bndbox>
    </object>
    <object>
        <name>pkPnt</name>
        <pose>unspecified</pose>
        <truncated>0</truncated>
        <difficult>0</difficult>
        <bndbox>
            <xmin>330</xmin>
            <ymin>212</ymin>
            <xmax>362</xmax>
            <ymax>242</ymax>
        </bndbox>
    </object>
    <object>
        <name>Respi</name>
        <pose>unspecified</pose>
        <truncated>0</truncated>
        <difficult>0</difficult>
        <bndbox>
            <xmin>602</xmin>
            <ymin>191</ymin>
            <xmax>1005</xmax>
            <ymax>499</ymax>
        </bndbox>
    </object>
    <object>
        <name>pkPnt</name>
        <pose>unspecified</pose>
        <truncated>0</truncated>
        <difficult>0</difficult>
        <bndbox>
            <xmin>757</xmin>
            <ymin>304</ymin>
            <xmax>787</xmax>
            <ymax>332</ymax>
        </bndbox>
    </object>
</annotation>
