<annotation>
    <filename>20240124-115036.jpg</filename>
    <folder>5IPP</folder>
    <source>
        <database>5IPP</database>
        <annotation>custom</annotation>
        <image>custom</image>
    </source>
    <size>
        <width>1280</width>
        <height>720</height>
        <depth>3</depth>
    </size>
    <segmented>0</segmented>
    <object>
        <name>fluti</name>
        <pose>unspecified</pose>
        <truncated>0</truncated>
        <difficult>0</difficult>
        <bndbox>
            <xmin>13</xmin>
            <ymin>164</ymin>
            <xmax>360</xmax>
            <ymax>357</ymax>
        </bndbox>
    </object>
    <object>
        <name>pkPnt</name>
        <pose>unspecified</pose>
        <truncated>0</truncated>
        <difficult>0</difficult>
        <bndbox>
            <xmin>105</xmin>
            <ymin>239</ymin>
            <xmax>138</xmax>
            <ymax>270</ymax>
        </bndbox>
    </object>
    <object>
        <name>Respi</name>
        <pose>unspecified</pose>
        <truncated>0</truncated>
        <difficult>0</difficult>
        <bndbox>
            <xmin>751</xmin>
            <ymin>166</ymin>
            <xmax>1119</xmax>
            <ymax>525</ymax>
        </bndbox>
    </object>
    <object>
        <name>pkPnt</name>
        <pose>unspecified</pose>
        <truncated>0</truncated>
        <difficult>0</difficult>
        <bndbox>
            <xmin>938</xmin>
            <ymin>332</ymin>
            <xmax>971</xmax>
            <ymax>362</ymax>
        </bndbox>
    </object>
</annotation>
