<annotation>
    <filename>20240124-120357.jpg</filename>
    <folder>5IPP</folder>
    <source>
        <database>5IPP</database>
        <annotation>custom</annotation>
        <image>custom</image>
    </source>
    <size>
        <width>1280</width>
        <height>720</height>
        <depth>3</depth>
    </size>
    <segmented>0</segmented>
    <object>
        <name>Zonda</name>
        <pose>unspecified</pose>
        <truncated>0</truncated>
        <difficult>0</difficult>
        <bndbox>
            <xmin>1000</xmin>
            <ymin>134</ymin>
            <xmax>1269</xmax>
            <ymax>380</ymax>
        </bndbox>
    </object>
    <object>
        <name>pkPnt</name>
        <pose>unspecified</pose>
        <truncated>0</truncated>
        <difficult>0</difficult>
        <bndbox>
            <xmin>1129</xmin>
            <ymin>249</ymin>
            <xmax>1157</xmax>
            <ymax>278</ymax>
        </bndbox>
    </object>
</annotation>
