<annotation>
    <filename>20240124-124158.jpg</filename>
    <folder>5IPP</folder>
    <source>
        <database>5IPP</database>
        <annotation>custom</annotation>
        <image>custom</image>
    </source>
    <size>
        <width>1280</width>
        <height>720</height>
        <depth>3</depth>
    </size>
    <segmented>0</segmented>
    <object>
        <name>Handi</name>
        <pose>unspecified</pose>
        <truncated>0</truncated>
        <difficult>0</difficult>
        <bndbox>
            <xmin>658</xmin>
            <ymin>53</ymin>
            <xmax>932</xmax>
            <ymax>339</ymax>
        </bndbox>
    </object>
    <object>
        <name>pkPnt</name>
        <pose>unspecified</pose>
        <truncated>0</truncated>
        <difficult>0</difficult>
        <bndbox>
            <xmin>828</xmin>
            <ymin>179</ymin>
            <xmax>860</xmax>
            <ymax>211</ymax>
        </bndbox>
    </object>
</annotation>
