<annotation>
    <filename>20240124-122026.jpg</filename>
    <folder>5IPP</folder>
    <source>
        <database>5IPP</database>
        <annotation>custom</annotation>
        <image>custom</image>
    </source>
    <size>
        <width>1280</width>
        <height>720</height>
        <depth>3</depth>
    </size>
    <segmented>0</segmented>
    <object>
        <name>Zonda</name>
        <pose>unspecified</pose>
        <truncated>0</truncated>
        <difficult>0</difficult>
        <bndbox>
            <xmin>871</xmin>
            <ymin>484</ymin>
            <xmax>1129</xmax>
            <ymax>690</ymax>
        </bndbox>
    </object>
    <object>
        <name>pkPnt</name>
        <pose>unspecified</pose>
        <truncated>0</truncated>
        <difficult>0</difficult>
        <bndbox>
            <xmin>995</xmin>
            <ymin>570</ymin>
            <xmax>1023</xmax>
            <ymax>599</ymax>
        </bndbox>
    </object>
</annotation>
