<annotation>
    <filename>20240124-120734.jpg</filename>
    <folder>5IPP</folder>
    <source>
        <database>5IPP</database>
        <annotation>custom</annotation>
        <image>custom</image>
    </source>
    <size>
        <width>1280</width>
        <height>720</height>
        <depth>3</depth>
    </size>
    <segmented>0</segmented>
    <object>
        <name>fluti</name>
        <pose>unspecified</pose>
        <truncated>0</truncated>
        <difficult>0</difficult>
        <bndbox>
            <xmin>1037</xmin>
            <ymin>421</ymin>
            <xmax>1217</xmax>
            <ymax>723</ymax>
        </bndbox>
    </object>
    <object>
        <name>pkPnt</name>
        <pose>unspecified</pose>
        <truncated>0</truncated>
        <difficult>0</difficult>
        <bndbox>
            <xmin>1109</xmin>
            <ymin>521</ymin>
            <xmax>1137</xmax>
            <ymax>550</ymax>
        </bndbox>
    </object>
</annotation>
