<annotation>
    <filename>20240124-124406.jpg</filename>
    <folder>5IPP</folder>
    <source>
        <database>5IPP</database>
        <annotation>custom</annotation>
        <image>custom</image>
    </source>
    <size>
        <width>1280</width>
        <height>720</height>
        <depth>3</depth>
    </size>
    <segmented>0</segmented>
    <object>
        <name>basic</name>
        <pose>unspecified</pose>
        <truncated>0</truncated>
        <difficult>0</difficult>
        <bndbox>
            <xmin>506</xmin>
            <ymin>43</ymin>
            <xmax>775</xmax>
            <ymax>306</ymax>
        </bndbox>
    </object>
    <object>
        <name>pkPnt</name>
        <pose>unspecified</pose>
        <truncated>0</truncated>
        <difficult>0</difficult>
        <bndbox>
            <xmin>702</xmin>
            <ymin>172</ymin>
            <xmax>729</xmax>
            <ymax>200</ymax>
        </bndbox>
    </object>
</annotation>
