<annotation>
    <filename>20240124-114317.jpg</filename>
    <folder>5IPP</folder>
    <source>
        <database>5IPP</database>
        <annotation>custom</annotation>
        <image>custom</image>
    </source>
    <size>
        <width>1280</width>
        <height>720</height>
        <depth>3</depth>
    </size>
    <segmented>0</segmented>
    <object>
        <name>fluti</name>
        <pose>unspecified</pose>
        <truncated>0</truncated>
        <difficult>0</difficult>
        <bndbox>
            <xmin>1031</xmin>
            <ymin>223</ymin>
            <xmax>1249</xmax>
            <ymax>516</ymax>
        </bndbox>
    </object>
    <object>
        <name>pkPnt</name>
        <pose>unspecified</pose>
        <truncated>0</truncated>
        <difficult>0</difficult>
        <bndbox>
            <xmin>1162</xmin>
            <ymin>383</ymin>
            <xmax>1190</xmax>
            <ymax>412</ymax>
        </bndbox>
    </object>
</annotation>
