<annotation>
    <filename>20240124-111448.jpg</filename>
    <folder>5IPP</folder>
    <source>
        <database>5IPP</database>
        <annotation>custom</annotation>
        <image>custom</image>
    </source>
    <size>
        <width>1280</width>
        <height>720</height>
        <depth>3</depth>
    </size>
    <segmented>0</segmented>
    <object>
        <name>Handi</name>
        <pose>unspecified</pose>
        <truncated>0</truncated>
        <difficult>0</difficult>
        <bndbox>
            <xmin>844</xmin>
            <ymin>227</ymin>
            <xmax>1101</xmax>
            <ymax>531</ymax>
        </bndbox>
    </object>
    <object>
        <name>pkPnt</name>
        <pose>unspecified</pose>
        <truncated>0</truncated>
        <difficult>0</difficult>
        <bndbox>
            <xmin>945</xmin>
            <ymin>391</ymin>
            <xmax>976</xmax>
            <ymax>418</ymax>
        </bndbox>
    </object>
    <object>
        <name>basic</name>
        <pose>unspecified</pose>
        <truncated>0</truncated>
        <difficult>0</difficult>
        <bndbox>
            <xmin>8</xmin>
            <ymin>7</ymin>
            <xmax>333</xmax>
            <ymax>277</ymax>
        </bndbox>
    </object>
    <object>
        <name>pkPnt</name>
        <pose>unspecified</pose>
        <truncated>0</truncated>
        <difficult>0</difficult>
        <bndbox>
            <xmin>123</xmin>
            <ymin>199</ymin>
            <xmax>155</xmax>
            <ymax>229</ymax>
        </bndbox>
    </object>
</annotation>
