<annotation>
    <filename>20240124-121927.jpg</filename>
    <folder>5IPP</folder>
    <source>
        <database>5IPP</database>
        <annotation>custom</annotation>
        <image>custom</image>
    </source>
    <size>
        <width>1280</width>
        <height>720</height>
        <depth>3</depth>
    </size>
    <segmented>0</segmented>
    <object>
        <name>pkPnt</name>
        <pose>unspecified</pose>
        <truncated>0</truncated>
        <difficult>0</difficult>
        <bndbox>
            <xmin>567</xmin>
            <ymin>265</ymin>
            <xmax>599</xmax>
            <ymax>296</ymax>
        </bndbox>
    </object>
    <object>
        <name>basic</name>
        <pose>unspecified</pose>
        <truncated>0</truncated>
        <difficult>0</difficult>
        <bndbox>
            <xmin>393</xmin>
            <ymin>198</ymin>
            <xmax>727</xmax>
            <ymax>453</ymax>
        </bndbox>
    </object>
    <object>
        <name>pkPnt</name>
        <pose>unspecified</pose>
        <truncated>0</truncated>
        <difficult>0</difficult>
        <bndbox>
            <xmin>252</xmin>
            <ymin>310</ymin>
            <xmax>285</xmax>
            <ymax>339</ymax>
        </bndbox>
    </object>
    <object>
        <name>Zonda</name>
        <pose>unspecified</pose>
        <truncated>0</truncated>
        <difficult>0</difficult>
        <bndbox>
            <xmin>160</xmin>
            <ymin>186</ymin>
            <xmax>401</xmax>
            <ymax>482</ymax>
        </bndbox>
    </object>
</annotation>
