<annotation>
    <filename>20240124-114611.jpg</filename>
    <folder>5IPP</folder>
    <source>
        <database>5IPP</database>
        <annotation>custom</annotation>
        <image>custom</image>
    </source>
    <size>
        <width>1280</width>
        <height>720</height>
        <depth>3</depth>
    </size>
    <segmented>0</segmented>
    <object>
        <name>fluti</name>
        <pose>unspecified</pose>
        <truncated>0</truncated>
        <difficult>0</difficult>
        <bndbox>
            <xmin>768</xmin>
            <ymin>249</ymin>
            <xmax>997</xmax>
            <ymax>535</ymax>
        </bndbox>
    </object>
    <object>
        <name>pkPnt</name>
        <pose>unspecified</pose>
        <truncated>0</truncated>
        <difficult>0</difficult>
        <bndbox>
            <xmin>876</xmin>
            <ymin>323</ymin>
            <xmax>909</xmax>
            <ymax>354</ymax>
        </bndbox>
    </object>
    <object>
        <name>Respi</name>
        <pose>unspecified</pose>
        <truncated>0</truncated>
        <difficult>0</difficult>
        <bndbox>
            <xmin>134</xmin>
            <ymin>212</ymin>
            <xmax>537</xmax>
            <ymax>580</ymax>
        </bndbox>
    </object>
    <object>
        <name>pkPnt</name>
        <pose>unspecified</pose>
        <truncated>0</truncated>
        <difficult>0</difficult>
        <bndbox>
            <xmin>310</xmin>
            <ymin>389</ymin>
            <xmax>343</xmax>
            <ymax>419</ymax>
        </bndbox>
    </object>
</annotation>
