<annotation>
    <filename>20240124-111843.jpg</filename>
    <folder>5IPP</folder>
    <source>
        <database>5IPP</database>
        <annotation>custom</annotation>
        <image>custom</image>
    </source>
    <size>
        <width>1280</width>
        <height>720</height>
        <depth>3</depth>
    </size>
    <segmented>0</segmented>
    <object>
        <name>Respi</name>
        <pose>unspecified</pose>
        <truncated>0</truncated>
        <difficult>0</difficult>
        <bndbox>
            <xmin>735</xmin>
            <ymin>135</ymin>
            <xmax>1085</xmax>
            <ymax>464</ymax>
        </bndbox>
    </object>
    <object>
        <name>pkPnt</name>
        <pose>unspecified</pose>
        <truncated>0</truncated>
        <difficult>0</difficult>
        <bndbox>
            <xmin>894</xmin>
            <ymin>293</ymin>
            <xmax>926</xmax>
            <ymax>327</ymax>
        </bndbox>
    </object>
</annotation>
