<annotation>
    <filename>20240124-120604.jpg</filename>
    <folder>5IPP</folder>
    <source>
        <database>5IPP</database>
        <annotation>custom</annotation>
        <image>custom</image>
    </source>
    <size>
        <width>1280</width>
        <height>720</height>
        <depth>3</depth>
    </size>
    <segmented>0</segmented>
    <object>
        <name>fluti</name>
        <pose>unspecified</pose>
        <truncated>0</truncated>
        <difficult>0</difficult>
        <bndbox>
            <xmin>811</xmin>
            <ymin>500</ymin>
            <xmax>1097</xmax>
            <ymax>675</ymax>
        </bndbox>
    </object>
    <object>
        <name>pkPnt</name>
        <pose>unspecified</pose>
        <truncated>0</truncated>
        <difficult>0</difficult>
        <bndbox>
            <xmin>986</xmin>
            <ymin>547</ymin>
            <xmax>1014</xmax>
            <ymax>576</ymax>
        </bndbox>
    </object>
</annotation>
