<annotation>
    <filename>20240124-114241.jpg</filename>
    <folder>5IPP</folder>
    <source>
        <database>5IPP</database>
        <annotation>custom</annotation>
        <image>custom</image>
    </source>
    <size>
        <width>1280</width>
        <height>720</height>
        <depth>3</depth>
    </size>
    <segmented>0</segmented>
    <object>
        <name>fluti</name>
        <pose>unspecified</pose>
        <truncated>0</truncated>
        <difficult>0</difficult>
        <bndbox>
            <xmin>1006</xmin>
            <ymin>216</ymin>
            <xmax>1192</xmax>
            <ymax>492</ymax>
        </bndbox>
    </object>
    <object>
        <name>pkPnt</name>
        <pose>unspecified</pose>
        <truncated>0</truncated>
        <difficult>0</difficult>
        <bndbox>
            <xmin>1110</xmin>
            <ymin>398</ymin>
            <xmax>1138</xmax>
            <ymax>427</ymax>
        </bndbox>
    </object>
</annotation>
