<annotation>
    <filename>20240124-120017.jpg</filename>
    <folder>5IPP</folder>
    <source>
        <database>5IPP</database>
        <annotation>custom</annotation>
        <image>custom</image>
    </source>
    <size>
        <width>1280</width>
        <height>720</height>
        <depth>3</depth>
    </size>
    <segmented>0</segmented>
    <object>
        <name>fluti</name>
        <pose>unspecified</pose>
        <truncated>0</truncated>
        <difficult>0</difficult>
        <bndbox>
            <xmin>108</xmin>
            <ymin>36</ymin>
            <xmax>420</xmax>
            <ymax>281</ymax>
        </bndbox>
    </object>
    <object>
        <name>pkPnt</name>
        <pose>unspecified</pose>
        <truncated>0</truncated>
        <difficult>0</difficult>
        <bndbox>
            <xmin>303</xmin>
            <ymin>133</ymin>
            <xmax>336</xmax>
            <ymax>164</ymax>
        </bndbox>
    </object>
    <object>
        <name>Zonda</name>
        <pose>unspecified</pose>
        <truncated>0</truncated>
        <difficult>0</difficult>
        <bndbox>
            <xmin>740</xmin>
            <ymin>328</ymin>
            <xmax>1037</xmax>
            <ymax>561</ymax>
        </bndbox>
    </object>
    <object>
        <name>pkPnt</name>
        <pose>unspecified</pose>
        <truncated>0</truncated>
        <difficult>0</difficult>
        <bndbox>
            <xmin>888</xmin>
            <ymin>422</ymin>
            <xmax>921</xmax>
            <ymax>452</ymax>
        </bndbox>
    </object>
</annotation>
