<annotation>
    <filename>20240124-120805.jpg</filename>
    <folder>5IPP</folder>
    <source>
        <database>5IPP</database>
        <annotation>custom</annotation>
        <image>custom</image>
    </source>
    <size>
        <width>1280</width>
        <height>720</height>
        <depth>3</depth>
    </size>
    <segmented>0</segmented>
    <object>
        <name>fluti</name>
        <pose>unspecified</pose>
        <truncated>0</truncated>
        <difficult>0</difficult>
        <bndbox>
            <xmin>1017</xmin>
            <ymin>212</ymin>
            <xmax>1212</xmax>
            <ymax>482</ymax>
        </bndbox>
    </object>
    <object>
        <name>pkPnt</name>
        <pose>unspecified</pose>
        <truncated>0</truncated>
        <difficult>0</difficult>
        <bndbox>
            <xmin>1094</xmin>
            <ymin>395</ymin>
            <xmax>1122</xmax>
            <ymax>424</ymax>
        </bndbox>
    </object>
</annotation>
