<annotation>
    <filename>20240124-120327.jpg</filename>
    <folder>5IPP</folder>
    <source>
        <database>5IPP</database>
        <annotation>custom</annotation>
        <image>custom</image>
    </source>
    <size>
        <width>1280</width>
        <height>720</height>
        <depth>3</depth>
    </size>
    <segmented>0</segmented>
    <object>
        <name>Zonda</name>
        <pose>unspecified</pose>
        <truncated>0</truncated>
        <difficult>0</difficult>
        <bndbox>
            <xmin>1034</xmin>
            <ymin>130</ymin>
            <xmax>1249</xmax>
            <ymax>395</ymax>
        </bndbox>
    </object>
    <object>
        <name>pkPnt</name>
        <pose>unspecified</pose>
        <truncated>0</truncated>
        <difficult>0</difficult>
        <bndbox>
            <xmin>1120</xmin>
            <ymin>241</ymin>
            <xmax>1148</xmax>
            <ymax>270</ymax>
        </bndbox>
    </object>
</annotation>
