<annotation>
    <filename>20240124-123702.jpg</filename>
    <folder>5IPP</folder>
    <source>
        <database>5IPP</database>
        <annotation>custom</annotation>
        <image>custom</image>
    </source>
    <size>
        <width>1280</width>
        <height>720</height>
        <depth>3</depth>
    </size>
    <segmented>0</segmented>
    <object>
        <name>Zonda</name>
        <pose>unspecified</pose>
        <truncated>0</truncated>
        <difficult>0</difficult>
        <bndbox>
            <xmin>366</xmin>
            <ymin>145</ymin>
            <xmax>643</xmax>
            <ymax>401</ymax>
        </bndbox>
    </object>
    <object>
        <name>pkPnt</name>
        <pose>unspecified</pose>
        <truncated>0</truncated>
        <difficult>0</difficult>
        <bndbox>
            <xmin>475</xmin>
            <ymin>254</ymin>
            <xmax>503</xmax>
            <ymax>283</ymax>
        </bndbox>
    </object>
</annotation>
