<annotation>
    <filename>20240124-113622.jpg</filename>
    <folder>5IPP</folder>
    <source>
        <database>5IPP</database>
        <annotation>custom</annotation>
        <image>custom</image>
    </source>
    <size>
        <width>1280</width>
        <height>720</height>
        <depth>3</depth>
    </size>
    <segmented>0</segmented>
    <object>
        <name>fluti</name>
        <pose>unspecified</pose>
        <truncated>0</truncated>
        <difficult>0</difficult>
        <bndbox>
            <xmin>992</xmin>
            <ymin>185</ymin>
            <xmax>1210</xmax>
            <ymax>439</ymax>
        </bndbox>
    </object>
    <object>
        <name>pkPnt</name>
        <pose>unspecified</pose>
        <truncated>0</truncated>
        <difficult>0</difficult>
        <bndbox>
            <xmin>1104</xmin>
            <ymin>243</ymin>
            <xmax>1132</xmax>
            <ymax>269</ymax>
        </bndbox>
    </object>
</annotation>
