<annotation>
    <filename>20240124-113502.jpg</filename>
    <folder>5IPP</folder>
    <source>
        <database>5IPP</database>
        <annotation>custom</annotation>
        <image>custom</image>
    </source>
    <size>
        <width>1280</width>
        <height>720</height>
        <depth>3</depth>
    </size>
    <segmented>0</segmented>
    <object>
        <name>fluti</name>
        <pose>unspecified</pose>
        <truncated>0</truncated>
        <difficult>0</difficult>
        <bndbox>
            <xmin>901</xmin>
            <ymin>467</ymin>
            <xmax>1173</xmax>
            <ymax>707</ymax>
        </bndbox>
    </object>
    <object>
        <name>pkPnt</name>
        <pose>unspecified</pose>
        <truncated>0</truncated>
        <difficult>0</difficult>
        <bndbox>
            <xmin>1020</xmin>
            <ymin>627</ymin>
            <xmax>1048</xmax>
            <ymax>653</ymax>
        </bndbox>
    </object>
</annotation>
