<annotation>
    <filename>20240124-124226.jpg</filename>
    <folder>5IPP</folder>
    <source>
        <database>5IPP</database>
        <annotation>custom</annotation>
        <image>custom</image>
    </source>
    <size>
        <width>1280</width>
        <height>720</height>
        <depth>3</depth>
    </size>
    <segmented>0</segmented>
    <object>
        <name>pkPnt</name>
        <pose>unspecified</pose>
        <truncated>0</truncated>
        <difficult>0</difficult>
        <bndbox>
            <xmin>346</xmin>
            <ymin>313</ymin>
            <xmax>378</xmax>
            <ymax>343</ymax>
        </bndbox>
    </object>
    <object>
        <name>basic</name>
        <pose>unspecified</pose>
        <truncated>0</truncated>
        <difficult>0</difficult>
        <bndbox>
            <xmin>266</xmin>
            <ymin>213</ymin>
            <xmax>602</xmax>
            <ymax>405</ymax>
        </bndbox>
    </object>
    <object>
        <name>pkPnt</name>
        <pose>unspecified</pose>
        <truncated>0</truncated>
        <difficult>0</difficult>
        <bndbox>
            <xmin>514</xmin>
            <ymin>119</ymin>
            <xmax>547</xmax>
            <ymax>148</ymax>
        </bndbox>
    </object>
    <object>
        <name>Zonda</name>
        <pose>unspecified</pose>
        <truncated>0</truncated>
        <difficult>0</difficult>
        <bndbox>
            <xmin>352</xmin>
            <ymin>28</ymin>
            <xmax>661</xmax>
            <ymax>275</ymax>
        </bndbox>
    </object>
</annotation>
