<annotation>
    <filename>20240124-113521.jpg</filename>
    <folder>5IPP</folder>
    <source>
        <database>5IPP</database>
        <annotation>custom</annotation>
        <image>custom</image>
    </source>
    <size>
        <width>1280</width>
        <height>720</height>
        <depth>3</depth>
    </size>
    <segmented>0</segmented>
    <object>
        <name>Respi</name>
        <pose>unspecified</pose>
        <truncated>0</truncated>
        <difficult>0</difficult>
        <bndbox>
            <xmin>843</xmin>
            <ymin>477</ymin>
            <xmax>1244</xmax>
            <ymax>714</ymax>
        </bndbox>
    </object>
    <object>
        <name>pkPnt</name>
        <pose>unspecified</pose>
        <truncated>0</truncated>
        <difficult>0</difficult>
        <bndbox>
            <xmin>1015</xmin>
            <ymin>581</ymin>
            <xmax>1046</xmax>
            <ymax>614</ymax>
        </bndbox>
    </object>
</annotation>
