<annotation>
    <filename>20240124-114750.jpg</filename>
    <folder>5IPP</folder>
    <source>
        <database>5IPP</database>
        <annotation>custom</annotation>
        <image>custom</image>
    </source>
    <size>
        <width>1280</width>
        <height>720</height>
        <depth>3</depth>
    </size>
    <segmented>0</segmented>
    <object>
        <name>fluti</name>
        <pose>unspecified</pose>
        <truncated>0</truncated>
        <difficult>0</difficult>
        <bndbox>
            <xmin>514</xmin>
            <ymin>107</ymin>
            <xmax>820</xmax>
            <ymax>334</ymax>
        </bndbox>
    </object>
    <object>
        <name>pkPnt</name>
        <pose>unspecified</pose>
        <truncated>0</truncated>
        <difficult>0</difficult>
        <bndbox>
            <xmin>692</xmin>
            <ymin>224</ymin>
            <xmax>720</xmax>
            <ymax>253</ymax>
        </bndbox>
    </object>
</annotation>
