<annotation>
    <filename>20240124-124451.jpg</filename>
    <folder>5IPP</folder>
    <source>
        <database>5IPP</database>
        <annotation>custom</annotation>
        <image>custom</image>
    </source>
    <size>
        <width>1280</width>
        <height>720</height>
        <depth>3</depth>
    </size>
    <segmented>0</segmented>
    <object>
        <name>basic</name>
        <pose>unspecified</pose>
        <truncated>0</truncated>
        <difficult>0</difficult>
        <bndbox>
            <xmin>708</xmin>
            <ymin>92</ymin>
            <xmax>1024</xmax>
            <ymax>287</ymax>
        </bndbox>
    </object>
    <object>
        <name>pkPnt</name>
        <pose>unspecified</pose>
        <truncated>0</truncated>
        <difficult>0</difficult>
        <bndbox>
            <xmin>896</xmin>
            <ymin>141</ymin>
            <xmax>923</xmax>
            <ymax>169</ymax>
        </bndbox>
    </object>
</annotation>
