<annotation>
    <filename>20240124-113718.jpg</filename>
    <folder>5IPP</folder>
    <source>
        <database>5IPP</database>
        <annotation>custom</annotation>
        <image>custom</image>
    </source>
    <size>
        <width>1280</width>
        <height>720</height>
        <depth>3</depth>
    </size>
    <segmented>0</segmented>
    <object>
        <name>Respi</name>
        <pose>unspecified</pose>
        <truncated>0</truncated>
        <difficult>0</difficult>
        <bndbox>
            <xmin>1087</xmin>
            <ymin>128</ymin>
            <xmax>1233</xmax>
            <ymax>534</ymax>
        </bndbox>
    </object>
    <object>
        <name>pkPnt</name>
        <pose>unspecified</pose>
        <truncated>0</truncated>
        <difficult>0</difficult>
        <bndbox>
            <xmin>1139</xmin>
            <ymin>306</ymin>
            <xmax>1170</xmax>
            <ymax>339</ymax>
        </bndbox>
    </object>
</annotation>
