<annotation>
    <filename>20240124-123152.jpg</filename>
    <folder>5IPP</folder>
    <source>
        <database>5IPP</database>
        <annotation>custom</annotation>
        <image>custom</image>
    </source>
    <size>
        <width>1280</width>
        <height>720</height>
        <depth>3</depth>
    </size>
    <segmented>0</segmented>
    <object>
        <name>pkPnt</name>
        <pose>unspecified</pose>
        <truncated>0</truncated>
        <difficult>0</difficult>
        <bndbox>
            <xmin>750</xmin>
            <ymin>117</ymin>
            <xmax>782</xmax>
            <ymax>147</ymax>
        </bndbox>
    </object>
    <object>
        <name>basic</name>
        <pose>unspecified</pose>
        <truncated>0</truncated>
        <difficult>0</difficult>
        <bndbox>
            <xmin>555</xmin>
            <ymin>8</ymin>
            <xmax>842</xmax>
            <ymax>294</ymax>
        </bndbox>
    </object>
    <object>
        <name>pkPnt</name>
        <pose>unspecified</pose>
        <truncated>0</truncated>
        <difficult>0</difficult>
        <bndbox>
            <xmin>1132</xmin>
            <ymin>289</ymin>
            <xmax>1165</xmax>
            <ymax>318</ymax>
        </bndbox>
    </object>
    <object>
        <name>Zonda</name>
        <pose>unspecified</pose>
        <truncated>0</truncated>
        <difficult>0</difficult>
        <bndbox>
            <xmin>999</xmin>
            <ymin>169</ymin>
            <xmax>1282</xmax>
            <ymax>449</ymax>
        </bndbox>
    </object>
</annotation>
