<annotation>
    <filename>20240124-121403.jpg</filename>
    <folder>5IPP</folder>
    <source>
        <database>5IPP</database>
        <annotation>custom</annotation>
        <image>custom</image>
    </source>
    <size>
        <width>1280</width>
        <height>720</height>
        <depth>3</depth>
    </size>
    <segmented>0</segmented>
    <object>
        <name>fluti</name>
        <pose>unspecified</pose>
        <truncated>0</truncated>
        <difficult>0</difficult>
        <bndbox>
            <xmin>140</xmin>
            <ymin>245</ymin>
            <xmax>462</xmax>
            <ymax>454</ymax>
        </bndbox>
    </object>
    <object>
        <name>pkPnt</name>
        <pose>unspecified</pose>
        <truncated>0</truncated>
        <difficult>0</difficult>
        <bndbox>
            <xmin>325</xmin>
            <ymin>319</ymin>
            <xmax>353</xmax>
            <ymax>348</ymax>
        </bndbox>
    </object>
</annotation>
