<annotation>
    <filename>20240124-122153.jpg</filename>
    <folder>5IPP</folder>
    <source>
        <database>5IPP</database>
        <annotation>custom</annotation>
        <image>custom</image>
    </source>
    <size>
        <width>1280</width>
        <height>720</height>
        <depth>3</depth>
    </size>
    <segmented>0</segmented>
    <object>
        <name>Zonda</name>
        <pose>unspecified</pose>
        <truncated>0</truncated>
        <difficult>0</difficult>
        <bndbox>
            <xmin>952</xmin>
            <ymin>332</ymin>
            <xmax>1221</xmax>
            <ymax>567</ymax>
        </bndbox>
    </object>
    <object>
        <name>pkPnt</name>
        <pose>unspecified</pose>
        <truncated>0</truncated>
        <difficult>0</difficult>
        <bndbox>
            <xmin>1080</xmin>
            <ymin>448</ymin>
            <xmax>1108</xmax>
            <ymax>477</ymax>
        </bndbox>
    </object>
</annotation>
