<annotation>
    <filename>20240124-114350.jpg</filename>
    <folder>5IPP</folder>
    <source>
        <database>5IPP</database>
        <annotation>custom</annotation>
        <image>custom</image>
    </source>
    <size>
        <width>1280</width>
        <height>720</height>
        <depth>3</depth>
    </size>
    <segmented>0</segmented>
    <object>
        <name>fluti</name>
        <pose>unspecified</pose>
        <truncated>0</truncated>
        <difficult>0</difficult>
        <bndbox>
            <xmin>940</xmin>
            <ymin>165</ymin>
            <xmax>1250</xmax>
            <ymax>370</ymax>
        </bndbox>
    </object>
    <object>
        <name>pkPnt</name>
        <pose>unspecified</pose>
        <truncated>0</truncated>
        <difficult>0</difficult>
        <bndbox>
            <xmin>1120</xmin>
            <ymin>228</ymin>
            <xmax>1148</xmax>
            <ymax>257</ymax>
        </bndbox>
    </object>
</annotation>
