<annotation>
    <filename>20240124-120530.jpg</filename>
    <folder>5IPP</folder>
    <source>
        <database>5IPP</database>
        <annotation>custom</annotation>
        <image>custom</image>
    </source>
    <size>
        <width>1280</width>
        <height>720</height>
        <depth>3</depth>
    </size>
    <segmented>0</segmented>
    <object>
        <name>Respi</name>
        <pose>unspecified</pose>
        <truncated>0</truncated>
        <difficult>0</difficult>
        <bndbox>
            <xmin>515</xmin>
            <ymin>49</ymin>
            <xmax>741</xmax>
            <ymax>465</ymax>
        </bndbox>
    </object>
    <object>
        <name>pkPnt</name>
        <pose>unspecified</pose>
        <truncated>0</truncated>
        <difficult>0</difficult>
        <bndbox>
            <xmin>620</xmin>
            <ymin>213</ymin>
            <xmax>653</xmax>
            <ymax>247</ymax>
        </bndbox>
    </object>
</annotation>
