<annotation>
    <filename>20240124-113650.jpg</filename>
    <folder>5IPP</folder>
    <source>
        <database>5IPP</database>
        <annotation>custom</annotation>
        <image>custom</image>
    </source>
    <size>
        <width>1280</width>
        <height>720</height>
        <depth>3</depth>
    </size>
    <segmented>0</segmented>
    <object>
        <name>fluti</name>
        <pose>unspecified</pose>
        <truncated>0</truncated>
        <difficult>0</difficult>
        <bndbox>
            <xmin>966</xmin>
            <ymin>177</ymin>
            <xmax>1272</xmax>
            <ymax>380</ymax>
        </bndbox>
    </object>
    <object>
        <name>pkPnt</name>
        <pose>unspecified</pose>
        <truncated>0</truncated>
        <difficult>0</difficult>
        <bndbox>
            <xmin>1096</xmin>
            <ymin>249</ymin>
            <xmax>1124</xmax>
            <ymax>275</ymax>
        </bndbox>
    </object>
</annotation>
