<annotation>
    <filename>20240124-123311.jpg</filename>
    <folder>5IPP</folder>
    <source>
        <database>5IPP</database>
        <annotation>custom</annotation>
        <image>custom</image>
    </source>
    <size>
        <width>1280</width>
        <height>720</height>
        <depth>3</depth>
    </size>
    <segmented>0</segmented>
    <object>
        <name>Zonda</name>
        <pose>unspecified</pose>
        <truncated>0</truncated>
        <difficult>0</difficult>
        <bndbox>
            <xmin>955</xmin>
            <ymin>310</ymin>
            <xmax>1231</xmax>
            <ymax>546</ymax>
        </bndbox>
    </object>
    <object>
        <name>pkPnt</name>
        <pose>unspecified</pose>
        <truncated>0</truncated>
        <difficult>0</difficult>
        <bndbox>
            <xmin>1073</xmin>
            <ymin>403</ymin>
            <xmax>1101</xmax>
            <ymax>432</ymax>
        </bndbox>
    </object>
</annotation>
