<annotation>
    <filename>20240124-113254.jpg</filename>
    <folder>5IPP</folder>
    <source>
        <database>5IPP</database>
        <annotation>custom</annotation>
        <image>custom</image>
    </source>
    <size>
        <width>1280</width>
        <height>720</height>
        <depth>3</depth>
    </size>
    <segmented>0</segmented>
    <object>
        <name>basic</name>
        <pose>unspecified</pose>
        <truncated>0</truncated>
        <difficult>0</difficult>
        <bndbox>
            <xmin>528</xmin>
            <ymin>163</ymin>
            <xmax>746</xmax>
            <ymax>473</ymax>
        </bndbox>
    </object>
    <object>
        <name>pkPnt</name>
        <pose>unspecified</pose>
        <truncated>0</truncated>
        <difficult>0</difficult>
        <bndbox>
            <xmin>619</xmin>
            <ymin>208</ymin>
            <xmax>651</xmax>
            <ymax>238</ymax>
        </bndbox>
    </object>
    <object>
        <name>Respi</name>
        <pose>unspecified</pose>
        <truncated>0</truncated>
        <difficult>0</difficult>
        <bndbox>
            <xmin>685</xmin>
            <ymin>157</ymin>
            <xmax>1034</xmax>
            <ymax>543</ymax>
        </bndbox>
    </object>
    <object>
        <name>pkPnt</name>
        <pose>unspecified</pose>
        <truncated>0</truncated>
        <difficult>0</difficult>
        <bndbox>
            <xmin>846</xmin>
            <ymin>348</ymin>
            <xmax>876</xmax>
            <ymax>376</ymax>
        </bndbox>
    </object>
</annotation>
