<annotation>
    <filename>20240124-121728.jpg</filename>
    <folder>5IPP</folder>
    <source>
        <database>5IPP</database>
        <annotation>custom</annotation>
        <image>custom</image>
    </source>
    <size>
        <width>1280</width>
        <height>720</height>
        <depth>3</depth>
    </size>
    <segmented>0</segmented>
    <object>
        <name>pkPnt</name>
        <pose>unspecified</pose>
        <truncated>0</truncated>
        <difficult>0</difficult>
        <bndbox>
            <xmin>936</xmin>
            <ymin>324</ymin>
            <xmax>968</xmax>
            <ymax>355</ymax>
        </bndbox>
    </object>
    <object>
        <name>basic</name>
        <pose>unspecified</pose>
        <truncated>0</truncated>
        <difficult>0</difficult>
        <bndbox>
            <xmin>809</xmin>
            <ymin>129</ymin>
            <xmax>1035</xmax>
            <ymax>465</ymax>
        </bndbox>
    </object>
    <object>
        <name>pkPnt</name>
        <pose>unspecified</pose>
        <truncated>0</truncated>
        <difficult>0</difficult>
        <bndbox>
            <xmin>1112</xmin>
            <ymin>460</ymin>
            <xmax>1147</xmax>
            <ymax>493</ymax>
        </bndbox>
    </object>
    <object>
        <name>Zonda</name>
        <pose>unspecified</pose>
        <truncated>0</truncated>
        <difficult>0</difficult>
        <bndbox>
            <xmin>961</xmin>
            <ymin>364</ymin>
            <xmax>1255</xmax>
            <ymax>604</ymax>
        </bndbox>
    </object>
</annotation>
