<annotation>
    <filename>20240124-120713.jpg</filename>
    <folder>5IPP</folder>
    <source>
        <database>5IPP</database>
        <annotation>custom</annotation>
        <image>custom</image>
    </source>
    <size>
        <width>1280</width>
        <height>720</height>
        <depth>3</depth>
    </size>
    <segmented>0</segmented>
    <object>
        <name>Respi</name>
        <pose>unspecified</pose>
        <truncated>0</truncated>
        <difficult>0</difficult>
        <bndbox>
            <xmin>422</xmin>
            <ymin>90</ymin>
            <xmax>790</xmax>
            <ymax>417</ymax>
        </bndbox>
    </object>
    <object>
        <name>pkPnt</name>
        <pose>unspecified</pose>
        <truncated>0</truncated>
        <difficult>0</difficult>
        <bndbox>
            <xmin>587</xmin>
            <ymin>247</ymin>
            <xmax>620</xmax>
            <ymax>281</ymax>
        </bndbox>
    </object>
</annotation>
