<annotation>
    <filename>20240124-112355.jpg</filename>
    <folder>5IPP</folder>
    <source>
        <database>5IPP</database>
        <annotation>custom</annotation>
        <image>custom</image>
    </source>
    <size>
        <width>1280</width>
        <height>720</height>
        <depth>3</depth>
    </size>
    <segmented>0</segmented>
    <object>
        <name>Zonda</name>
        <pose>unspecified</pose>
        <truncated>0</truncated>
        <difficult>0</difficult>
        <bndbox>
            <xmin>987</xmin>
            <ymin>169</ymin>
            <xmax>1263</xmax>
            <ymax>398</ymax>
        </bndbox>
    </object>
    <object>
        <name>pkPnt</name>
        <pose>unspecified</pose>
        <truncated>0</truncated>
        <difficult>0</difficult>
        <bndbox>
            <xmin>1106</xmin>
            <ymin>263</ymin>
            <xmax>1134</xmax>
            <ymax>292</ymax>
        </bndbox>
    </object>
</annotation>
