<annotation>
    <filename>20240124-120238.jpg</filename>
    <folder>5IPP</folder>
    <source>
        <database>5IPP</database>
        <annotation>custom</annotation>
        <image>custom</image>
    </source>
    <size>
        <width>1280</width>
        <height>720</height>
        <depth>3</depth>
    </size>
    <segmented>0</segmented>
    <object>
        <name>Zonda</name>
        <pose>unspecified</pose>
        <truncated>0</truncated>
        <difficult>0</difficult>
        <bndbox>
            <xmin>1024</xmin>
            <ymin>151</ymin>
            <xmax>1282</xmax>
            <ymax>378</ymax>
        </bndbox>
    </object>
    <object>
        <name>pkPnt</name>
        <pose>unspecified</pose>
        <truncated>0</truncated>
        <difficult>0</difficult>
        <bndbox>
            <xmin>1135</xmin>
            <ymin>262</ymin>
            <xmax>1163</xmax>
            <ymax>291</ymax>
        </bndbox>
    </object>
</annotation>
