<annotation>
    <filename>20240124-120745.jpg</filename>
    <folder>5IPP</folder>
    <source>
        <database>5IPP</database>
        <annotation>custom</annotation>
        <image>custom</image>
    </source>
    <size>
        <width>1280</width>
        <height>720</height>
        <depth>3</depth>
    </size>
    <segmented>0</segmented>
    <object>
        <name>Zonda</name>
        <pose>unspecified</pose>
        <truncated>0</truncated>
        <difficult>0</difficult>
        <bndbox>
            <xmin>721</xmin>
            <ymin>137</ymin>
            <xmax>990</xmax>
            <ymax>386</ymax>
        </bndbox>
    </object>
    <object>
        <name>pkPnt</name>
        <pose>unspecified</pose>
        <truncated>0</truncated>
        <difficult>0</difficult>
        <bndbox>
            <xmin>843</xmin>
            <ymin>253</ymin>
            <xmax>871</xmax>
            <ymax>282</ymax>
        </bndbox>
    </object>
</annotation>
