<annotation>
    <filename>20240124-123710.jpg</filename>
    <folder>5IPP</folder>
    <source>
        <database>5IPP</database>
        <annotation>custom</annotation>
        <image>custom</image>
    </source>
    <size>
        <width>1280</width>
        <height>720</height>
        <depth>3</depth>
    </size>
    <segmented>0</segmented>
    <object>
        <name>Respi</name>
        <pose>unspecified</pose>
        <truncated>0</truncated>
        <difficult>0</difficult>
        <bndbox>
            <xmin>657</xmin>
            <ymin>206</ymin>
            <xmax>1069</xmax>
            <ymax>355</ymax>
        </bndbox>
    </object>
    <object>
        <name>pkPnt</name>
        <pose>unspecified</pose>
        <truncated>0</truncated>
        <difficult>0</difficult>
        <bndbox>
            <xmin>824</xmin>
            <ymin>250</ymin>
            <xmax>856</xmax>
            <ymax>284</ymax>
        </bndbox>
    </object>
</annotation>
