<annotation>
    <filename>20240124-111643.jpg</filename>
    <folder>5IPP</folder>
    <source>
        <database>5IPP</database>
        <annotation>custom</annotation>
        <image>custom</image>
    </source>
    <size>
        <width>1280</width>
        <height>720</height>
        <depth>3</depth>
    </size>
    <segmented>0</segmented>
    <object>
        <name>Handi</name>
        <pose>unspecified</pose>
        <truncated>0</truncated>
        <difficult>0</difficult>
        <bndbox>
            <xmin>847</xmin>
            <ymin>403</ymin>
            <xmax>1129</xmax>
            <ymax>664</ymax>
        </bndbox>
    </object>
    <object>
        <name>pkPnt</name>
        <pose>unspecified</pose>
        <truncated>0</truncated>
        <difficult>0</difficult>
        <bndbox>
            <xmin>941</xmin>
            <ymin>516</ymin>
            <xmax>972</xmax>
            <ymax>543</ymax>
        </bndbox>
    </object>
    <object>
        <name>basic</name>
        <pose>unspecified</pose>
        <truncated>0</truncated>
        <difficult>0</difficult>
        <bndbox>
            <xmin>222</xmin>
            <ymin>133</ymin>
            <xmax>542</xmax>
            <ymax>375</ymax>
        </bndbox>
    </object>
    <object>
        <name>pkPnt</name>
        <pose>unspecified</pose>
        <truncated>0</truncated>
        <difficult>0</difficult>
        <bndbox>
            <xmin>279</xmin>
            <ymin>245</ymin>
            <xmax>311</xmax>
            <ymax>275</ymax>
        </bndbox>
    </object>
</annotation>
