<annotation>
    <filename>20240124-120919.jpg</filename>
    <folder>5IPP</folder>
    <source>
        <database>5IPP</database>
        <annotation>custom</annotation>
        <image>custom</image>
    </source>
    <size>
        <width>1280</width>
        <height>720</height>
        <depth>3</depth>
    </size>
    <segmented>0</segmented>
    <object>
        <name>basic</name>
        <pose>unspecified</pose>
        <truncated>0</truncated>
        <difficult>0</difficult>
        <bndbox>
            <xmin>209</xmin>
            <ymin>319</ymin>
            <xmax>544</xmax>
            <ymax>525</ymax>
        </bndbox>
    </object>
    <object>
        <name>pkPnt</name>
        <pose>unspecified</pose>
        <truncated>0</truncated>
        <difficult>0</difficult>
        <bndbox>
            <xmin>440</xmin>
            <ymin>431</ymin>
            <xmax>472</xmax>
            <ymax>461</ymax>
        </bndbox>
    </object>
    <object>
        <name>Respi</name>
        <pose>unspecified</pose>
        <truncated>0</truncated>
        <difficult>0</difficult>
        <bndbox>
            <xmin>526</xmin>
            <ymin>53</ymin>
            <xmax>965</xmax>
            <ymax>272</ymax>
        </bndbox>
    </object>
    <object>
        <name>pkPnt</name>
        <pose>unspecified</pose>
        <truncated>0</truncated>
        <difficult>0</difficult>
        <bndbox>
            <xmin>768</xmin>
            <ymin>153</ymin>
            <xmax>798</xmax>
            <ymax>181</ymax>
        </bndbox>
    </object>
</annotation>
