<annotation>
    <filename>20240124-124458.jpg</filename>
    <folder>5IPP</folder>
    <source>
        <database>5IPP</database>
        <annotation>custom</annotation>
        <image>custom</image>
    </source>
    <size>
        <width>1280</width>
        <height>720</height>
        <depth>3</depth>
    </size>
    <segmented>0</segmented>
    <object>
        <name>Handi</name>
        <pose>unspecified</pose>
        <truncated>0</truncated>
        <difficult>0</difficult>
        <bndbox>
            <xmin>774</xmin>
            <ymin>85</ymin>
            <xmax>1025</xmax>
            <ymax>376</ymax>
        </bndbox>
    </object>
    <object>
        <name>pkPnt</name>
        <pose>unspecified</pose>
        <truncated>0</truncated>
        <difficult>0</difficult>
        <bndbox>
            <xmin>874</xmin>
            <ymin>221</ymin>
            <xmax>906</xmax>
            <ymax>253</ymax>
        </bndbox>
    </object>
</annotation>
