<annotation>
    <filename>20240124-124316.jpg</filename>
    <folder>5IPP</folder>
    <source>
        <database>5IPP</database>
        <annotation>custom</annotation>
        <image>custom</image>
    </source>
    <size>
        <width>1280</width>
        <height>720</height>
        <depth>3</depth>
    </size>
    <segmented>0</segmented>
    <object>
        <name>Respi</name>
        <pose>unspecified</pose>
        <truncated>0</truncated>
        <difficult>0</difficult>
        <bndbox>
            <xmin>786</xmin>
            <ymin>190</ymin>
            <xmax>1164</xmax>
            <ymax>502</ymax>
        </bndbox>
    </object>
    <object>
        <name>pkPnt</name>
        <pose>unspecified</pose>
        <truncated>0</truncated>
        <difficult>0</difficult>
        <bndbox>
            <xmin>960</xmin>
            <ymin>332</ymin>
            <xmax>993</xmax>
            <ymax>366</ymax>
        </bndbox>
    </object>
</annotation>
