<annotation>
    <filename>20240124-120902.jpg</filename>
    <folder>5IPP</folder>
    <source>
        <database>5IPP</database>
        <annotation>custom</annotation>
        <image>custom</image>
    </source>
    <size>
        <width>1280</width>
        <height>720</height>
        <depth>3</depth>
    </size>
    <segmented>0</segmented>
    <object>
        <name>Zonda</name>
        <pose>unspecified</pose>
        <truncated>0</truncated>
        <difficult>0</difficult>
        <bndbox>
            <xmin>849</xmin>
            <ymin>237</ymin>
            <xmax>1121</xmax>
            <ymax>463</ymax>
        </bndbox>
    </object>
    <object>
        <name>pkPnt</name>
        <pose>unspecified</pose>
        <truncated>0</truncated>
        <difficult>0</difficult>
        <bndbox>
            <xmin>982</xmin>
            <ymin>342</ymin>
            <xmax>1010</xmax>
            <ymax>371</ymax>
        </bndbox>
    </object>
</annotation>
