<annotation>
    <filename>20240124-124004.jpg</filename>
    <folder>5IPP</folder>
    <source>
        <database>5IPP</database>
        <annotation>custom</annotation>
        <image>custom</image>
    </source>
    <size>
        <width>1280</width>
        <height>720</height>
        <depth>3</depth>
    </size>
    <segmented>0</segmented>
    <object>
        <name>Respi</name>
        <pose>unspecified</pose>
        <truncated>0</truncated>
        <difficult>0</difficult>
        <bndbox>
            <xmin>783</xmin>
            <ymin>149</ymin>
            <xmax>955</xmax>
            <ymax>560</ymax>
        </bndbox>
    </object>
    <object>
        <name>pkPnt</name>
        <pose>unspecified</pose>
        <truncated>0</truncated>
        <difficult>0</difficult>
        <bndbox>
            <xmin>841</xmin>
            <ymin>351</ymin>
            <xmax>873</xmax>
            <ymax>385</ymax>
        </bndbox>
    </object>
</annotation>
