<annotation>
    <filename>20240124-124639.jpg</filename>
    <folder>5IPP</folder>
    <source>
        <database>5IPP</database>
        <annotation>custom</annotation>
        <image>custom</image>
    </source>
    <size>
        <width>1280</width>
        <height>720</height>
        <depth>3</depth>
    </size>
    <segmented>0</segmented>
    <object>
        <name>basic</name>
        <pose>unspecified</pose>
        <truncated>0</truncated>
        <difficult>0</difficult>
        <bndbox>
            <xmin>815</xmin>
            <ymin>31</ymin>
            <xmax>1071</xmax>
            <ymax>313</ymax>
        </bndbox>
    </object>
    <object>
        <name>pkPnt</name>
        <pose>unspecified</pose>
        <truncated>0</truncated>
        <difficult>0</difficult>
        <bndbox>
            <xmin>919</xmin>
            <ymin>240</ymin>
            <xmax>946</xmax>
            <ymax>268</ymax>
        </bndbox>
    </object>
</annotation>
