<annotation>
    <filename>20240124-124422.jpg</filename>
    <folder>5IPP</folder>
    <source>
        <database>5IPP</database>
        <annotation>custom</annotation>
        <image>custom</image>
    </source>
    <size>
        <width>1280</width>
        <height>720</height>
        <depth>3</depth>
    </size>
    <segmented>0</segmented>
    <object>
        <name>Handi</name>
        <pose>unspecified</pose>
        <truncated>0</truncated>
        <difficult>0</difficult>
        <bndbox>
            <xmin>763</xmin>
            <ymin>77</ymin>
            <xmax>1036</xmax>
            <ymax>346</ymax>
        </bndbox>
    </object>
    <object>
        <name>pkPnt</name>
        <pose>unspecified</pose>
        <truncated>0</truncated>
        <difficult>0</difficult>
        <bndbox>
            <xmin>895</xmin>
            <ymin>228</ymin>
            <xmax>927</xmax>
            <ymax>260</ymax>
        </bndbox>
    </object>
</annotation>
