<annotation>
    <filename>20240124-121154.jpg</filename>
    <folder>5IPP</folder>
    <source>
        <database>5IPP</database>
        <annotation>custom</annotation>
        <image>custom</image>
    </source>
    <size>
        <width>1280</width>
        <height>720</height>
        <depth>3</depth>
    </size>
    <segmented>0</segmented>
    <object>
        <name>Zonda</name>
        <pose>unspecified</pose>
        <truncated>0</truncated>
        <difficult>0</difficult>
        <bndbox>
            <xmin>924</xmin>
            <ymin>24</ymin>
            <xmax>1194</xmax>
            <ymax>253</ymax>
        </bndbox>
    </object>
    <object>
        <name>pkPnt</name>
        <pose>unspecified</pose>
        <truncated>0</truncated>
        <difficult>0</difficult>
        <bndbox>
            <xmin>1056</xmin>
            <ymin>125</ymin>
            <xmax>1084</xmax>
            <ymax>154</ymax>
        </bndbox>
    </object>
</annotation>
