<annotation>
    <filename>20240124-114052.jpg</filename>
    <folder>5IPP</folder>
    <source>
        <database>5IPP</database>
        <annotation>custom</annotation>
        <image>custom</image>
    </source>
    <size>
        <width>1280</width>
        <height>720</height>
        <depth>3</depth>
    </size>
    <segmented>0</segmented>
    <object>
        <name>fluti</name>
        <pose>unspecified</pose>
        <truncated>0</truncated>
        <difficult>0</difficult>
        <bndbox>
            <xmin>1043</xmin>
            <ymin>389</ymin>
            <xmax>1224</xmax>
            <ymax>684</ymax>
        </bndbox>
    </object>
    <object>
        <name>pkPnt</name>
        <pose>unspecified</pose>
        <truncated>0</truncated>
        <difficult>0</difficult>
        <bndbox>
            <xmin>1147</xmin>
            <ymin>488</ymin>
            <xmax>1175</xmax>
            <ymax>517</ymax>
        </bndbox>
    </object>
</annotation>
